project_id,user_id,publish_time,,
200000001,100000001,2014/2/21 5:14:07,,
200000002,100000002,2014/3/13 5:14:08,,
200000003,100000001,2014/3/4 5:14:09,,
200000003,100000002,2014/3/4 5:14:09,,
200000004,100000001,2014/4/11 5:14:11,,
200000004,100000002,2014/4/11 5:14:11,,
200000005,100000005,2014/4/18 5:14:11,,
200000006,100000001,2014/8/19 5:14:12,,
200000007,100000010,2014/9/7 5:14:13,,
200000008,100000006,2014/10/22 5:14:14,,
200000008,100000008,2014/10/22 5:14:15,,
200000009,100000005,2014/11/20 5:14:16,,
200000009,100000009,2014/11/20 5:14:17,,
200000010,100000006,2015/1/11 5:14:18,,